date,name,address,icon,userComment,rating,tags,photos
"2024-11-10T02:00:12.462Z","Vega Pizzeria","419 Cortland Ave, San Francisco, CA  94110, United States","restaurant","","4","Already tried#California#Cheese#Pizza#Restaurant#Tasty!#Wine#Italian",""
"2024-10-12T21:11:37.938Z","Locanda Amalfi","349 Main St, Pleasanton, CA 94566-6663, United States","restaurant","","4","Already tried#Bar#California#Cocktails#Pizza#Restaurant#Italian#Terrace",""
"2024-09-28T17:31:07.621Z","Sweet Maple","150 University Ave, Palo Alto, CA  94301, United States","restaurant","","5","California#Burger#Brunch#Bar#Already tried#Chic#Cocktails#Coffee#Restaurant#Tasty!#Terrace",""
"2024-09-07T16:56:07.554Z","Jim Beam","526 Happy Hollow Rd, Clermont, KY  40110, United States","generic","","5","Whisky",""
"2024-09-07T16:55:26.935Z","Maker's Mark Distillery","6200 Dutchmans Ln, Louisville, KY 40205-3269, United States","beer","","5","Whisky",""
"2024-09-07T16:54:47.434Z","Makers Mark Distillery","100 Mallard Creek Rd, Louisville, KY  40207, United States","generic","","5","Bar#Cocktails#Whisky",""
"2024-09-07T16:54:12.155Z","Big Bad Breakfast","5050 Norton Healthcare Blvd, Louisville, KY  40241, United States","restaurant","","3.5","Bar#Already tried#Brunch#Burger#Cocktails#Coffee#Restaurant#Tasty!#Terrace",""
"2024-08-21T17:44:24.966Z","The Kettle","1138 Highland Ave, Manhattan Beach, CA  90266, United States","restaurant","","3.5","Bar#Burger#California#Already tried#Restaurant#Tasty!#Terrace#With a view#Brunch",""
"2024-08-20T03:41:15.232Z","Laughing Monk Brewing","1439 Egbert Ave, San Francisco, CA 94124, United States","generic","","3","Bar",""
"2024-08-18T19:44:20.714Z","The Better Man Distilling Company","161 River Ave, Patchogue, NY  11772, United States","generic","","3.5","Already tried#Bar",""
"2024-08-18T14:52:27.761Z","Sant Ambroeus","66 Newtown Ln, East Hampton, NY  11937, United States","restaurant","","4","California#Already tried#Cocktails#Restaurant#Tasty!#Chic#Coffee",""
"2024-08-18T14:46:03.115Z","1770 House","143 Main St, East Hampton, NY 11975, United States","lodging","","5","Already tried#Bar#Brunch#Chic#Cocktails#Beers#Restaurant#Terrace#Wine#Tasty!",""
"2024-08-17T16:44:28.204Z","Inlet Seafood Restaurant","541 E Lake Dr, Montauk, NY 11954, United States","restaurant","","5","Already tried#Bar#Beers#Brunch#Cocktails#Restaurant#Sushi#Terrace#With a view",""
"2024-08-14T04:09:29.017Z","Huerfana Cerveceria","Boulevard Venustiano Carranza 402–7046, Los Rodríguez, 25207 Saltillo, Coah., Mexico","nightclub","","","Bar#Beers",""
"2024-08-10T19:17:59.956Z","Local Union 271","271 University Ave, Palo Alto, CA  94301, United States","restaurant","","4","Already tried#Bar#Brunch#California#Burger#Cocktails#Coffee#Meat#Mexico#Restaurant#Terrace",""
"2024-07-28T19:42:28.844Z","Bloom Eatery & Spirits","202 Saratoga Ave, Santa Clara, CA 95050, United States","restaurant","","4","Burger#Bar#Already tried#California#Cocktails#Coffee#Brunch#Restaurant#Tasty!#Terrace",""
"2024-07-22T02:34:11.536Z","Pizzetta 211","211 23rd Avenue, San Francisco, CA 94121, United States","restaurant","","3.5","Already tried#California#Cheese#Pizza#Tasty!#Restaurant",""
"2024-07-20T18:43:22.562Z","Acme Feed & Seed","101 Broadway, Nashville, TN  37201, United States","nightclub","","3.5","Already tried#Afterwork#Bar#Burger#Brunch#Beers#Cocktails#With a view#Music#Restaurant",""
"2024-07-20T18:17:13.075Z","Luke's 32 Bridge","301 Broadway, Nashville, TN  37201, United States","restaurant","","3.5","Already tried#Bar#Burger#Cocktails#Restaurant#Tapas#With a view#Music",""
"2024-07-20T12:52:14.249Z","Another Broken Egg Cafe","208 Commerce St, Nashville, TN  37201, United States","restaurant","","3.5","Bar#Brunch#Already tried#Cocktails#Tasty!#Restaurant#Whisky",""
"2024-06-17T23:24:58.194Z","Bayleaf Indian Restaurant","5024 Spedale Ct, Spring Hill, TN 37174, United States","restaurant","","4.5","Already tried#Restaurant#Tasty!#Indian",""
"2024-06-11T01:06:58.666Z","Cracker Barrel Old Country Store","1534 Bear Creek Pike, Columbia, TN 38401-7650, United States","restaurant","","3","Already tried#Burger#Beers#Cocktails#Coffee#Meat#Restaurant#Tasty!",""
"2024-06-08T19:18:39.298Z","Babette","2033 San Pablo Ave, Berkeley, CA, United States","generic","","3.5","Bar#Already tried#Brunch#California#Coffee#Restaurant#Terrace",""
"2024-05-28T13:26:20.060Z","Shake Shack Atlantis","Paradise Island, Nassau, Bahamas","restaurant","","5","Bar#Brunch#Burger#Already tried#Restaurant#Tasty!#With a view#Terrace#Cocktails",""
"2024-05-28T02:12:20.093Z","Nobu","One Casino Drive","restaurant","","4.5","Cocktails#Chic#Restaurant#Tasty!#With a view#Sushi#Tapas",""
"2024-05-27T19:48:22.662Z","The Ocean Club Four Seasons Resort","One and Only Ocean Club, Nassau, Bahamas","lodging","","","To try#Bar#With a view",""
"2024-05-27T19:47:50.628Z","The Royal-Atlantis","Nassau, Bahamas","lodging","","4.5","Hotel#Tasty!#Terrace#With a view",""
"2024-05-26T23:20:41.282Z","Graycliff Restaurant","West Hill Street, Nassau, Bahamas","restaurant","","5","Already tried#Bar#Cocktails#Hotel#Restaurant#Tasty!#With a view#Wine#Whisky#Terrace",""
"2024-05-26T02:38:20.013Z","Paranza","Paradise Island, Nassau, Bahamas","restaurant","","3.5","Already tried#Chic#Italian#Tasty!#Restaurant#With a view",""
"2024-05-19T16:18:48.277Z","RIVO","May-Ayim-Ufer 9, 10997 Berlin, Germany","restaurant","","4.5","Bar#Beers#Brunch#Restaurant#Tasty!#With a view#Wine#Terrace",""
"2024-05-19T16:18:05.730Z","Alex","Rathausstraße 19, 10178 Berlin, Deutschland","restaurant","","3.5","Bar#Beers#Restaurant#Meat#With a view#Terrace",""
"2024-03-31T01:05:02.327Z","Pausa Bar & Cookery","223 E Fourth Ave, San Mateo, CA  94401, United States","restaurant","","4","Already tried#Bar#Cheese#Charcuterie#Chic#Cocktails#California#Restaurant#Tasty!#Italian#Pizza",""
"2024-03-02T19:06:39.867Z","Bloody Mary's","Polynésie française","restaurant","","","To try#Restaurant",""
"2024-03-02T19:06:06.318Z","Bora Bora Yacht Club","BP 123 Nunue, Vaitāpē 98730, Polynésie française","restaurant","","","To try#Bar",""
"2024-03-02T19:05:50.509Z","Pearl Beach Resort","Leeward Islands, Polynésie française","lodging","","","To try#Hotel",""
"2024-02-22T12:53:13.830Z","Les Brassins","Rue Keyenveld 36, 1050 Ixelles, Belgium","restaurant","","4","Already tried#Beers#Friend#Restaurant#Tasty!#Terrace",""
"2024-02-16T00:41:22.609Z","ONE65","165 O'Farrell St, San Francisco, CA  94102, United States","cafe","","5","Already tried#Bar#Brunch#Restaurant#Meat#Tasty!#Wine",""
"2024-01-28T02:55:22.700Z","Joya Restaurant & Lounge","339 University Ave, Palo Alto, CA  94301, United States","restaurant","","3.5","California#Burger#Cocktails#Bar#Restaurant#Tasty!#Wine",""
"2023-12-31T21:24:01.538Z","Cafe Colibrí","50309 Tamarindo, Costa Rica","cafe","","3.5","Already tried",""
"2023-12-30T23:33:07.613Z","Koora Monteverde-a Cloud Forest Hotel by Sandglass","Avenida 0A, Costa Rica","lodging","","5","Hotel#Bar#Cocktails#Tasty!#With a view#Terrace",""
"2023-12-30T02:12:25.410Z","Pollo Fortuneño","Vía 142, Fortuna, Costa Rica","restaurant","","3.5","Bar#Burger#Already tried#Cocktails#Restaurant#Meat#Tasty!#Tapas",""
"2023-12-29T21:58:10.156Z","Baldi Hot Springs Hotel & Spa","142, La fortuna, Costa Rica","lodging","","5","Bar#Cocktails#Hotel#Restaurant#With a view#Terrace",""
"2023-12-28T20:31:01.896Z","Hacienda Alsacia Starbucks Coffee Farm","20106 San Isidro, Costa Rica","business","","3.5","Cocktails#Bar#Coffee",""
"2023-12-28T01:18:22.347Z","Morpho Beach Bar","Calle Playa Espadilla, Aguirre, Costa Rica","generic","","3.5","Already tried#Bar#Brunch#Burger#Chic#Cocktails#Restaurant#Tasty!#Tapas#Terrace#Whisky#Wine#With a view",""
"2023-12-27T21:12:18.785Z","Soda Sánchez","Avenida Central, Quepos, Costa Rica","restaurant","","3.5","Bar#Brunch#Cocktails#Restaurant#Tasty!#Tapas",""
"2023-12-27T03:52:42.659Z","Sobremesa","Av. 1A, San José, Costa Rica","restaurant","","","To try#Brunch#Restaurant#Tasty!",""
"2023-12-27T03:52:00.982Z","Salt Traders","San José, Santa Ana, Costa Rica","cafe","","","To try#Cocktails#Shopping#Restaurant",""
"2023-12-27T03:51:36.610Z","Hamburguesía Avenida Escazú","Avenida 30, Avenida Escazú Local #8, San José, San Rafael, Costa Rica","fastfood","","","To try#Burger",""
"2023-12-27T03:50:50.860Z","Green Room","Puntarenas Province, Jaco, Costa Rica","restaurant","","","To try#Cocktails#Restaurant",""
"2023-12-27T03:48:22.870Z","Nayara Tented Camp","Arenal Volcano National Park, Provincia de Alajuela, San Carlos, Costa Rica","lodging","","","To try#Hotel",""
"2023-12-27T03:47:55.323Z","Oxygen Jungle Villas","Puntarenas, Costa Rica","lodging","","","To try#Hotel",""
"2023-12-27T01:58:09.234Z","El Avión","Manuel Antonio, 0078 Quepos, Costa Rica","generic","","3.5","Bar#Burger#Beers#Cocktails#Restaurant#Tasty!#Terrace#Tasty!#With a view",""
"2023-12-26T20:02:07.519Z","El Hicaco","Calle Hiaco, Jaco, Costa Rica","generic","","","Already tried#Bar#Brunch#Burger#Cocktails#Restaurant#Tasty!#Terrace#With a view#Sushi",""
"2023-12-04T00:51:45.631Z","Godfather's Burger Lounge","1500 El Camino Real, Belmont, CA  94002, United States","restaurant","","","Already tried#Burger#California#Italian#Restaurant#Tasty!",""
"2023-11-18T20:31:46.633Z","Sweet Maple","2101 Sutter St, San Francisco, CA 94115, United States","restaurant","","","Already tried#Bar#Burger#Brunch#California#Chic#Friend#Coffee#Cocktails#Meat#Restaurant#Tasty!",""
"2023-11-17T06:27:35.578Z","Botanero Moritas","Avenida Lázaro Cárdenas 2510 - 13, Valle Oriente, 66260 San Pedro Garza García, N.L., Mexico","restaurant","","3.5","Already tried#Bar#Beers#Restaurant#Terrace#Tasty!#Mexico",""
"2023-10-21T18:12:52.580Z","Crepevine Restaurant","367 University Ave, Palo Alto, CA  94301, United States","restaurant","","3","Brunch#California#Restaurant#Tasty!",""
"2023-10-01T20:17:32.507Z","Downieville Outfitters","312 Main St, Downieville, CA  95936, United States","shopping","","","Already tried#Bar#Burger#Beers#Coffee#California#Restaurant",""
"2023-09-24T20:03:26.020Z","Filippi’s","1747 India St, San Diego, CA  92101, United States","restaurant","","","Afterwork#Bar#Charcuterie#Italian#Meat#Restaurant#Pizza",""
"2023-08-27T21:03:02.917Z","Gelati & Peccati","3068 University Ave San Diego, CA 92104 USA","generic","","","Already tried#California#Restaurant#Tasty!#With a view",""
"2023-08-27T20:09:58.547Z","The Taco Stand","642 S Coast Hwy 101, Encinitas, CA 92024, USA","restaurant","","","Already tried#California#Mexico#Restaurant#Tasty!",""
"2023-08-27T03:23:48.407Z","Bagby Beer Company","601 S Coast Hwy, Oceanside, CA 92054, USA","restaurant","","","Already tried#California#Bar#Cocktails#Restaurant#Terrace",""
"2023-08-13T17:30:27.523Z","K Cafe Patisserie & Tea House","923 S Bascom Ave San Jose, CA 95128 USA","generic","","","Already tried#Brunch#Burger#California#Bar#Chic#Coffee#Restaurant#Tasty!",""
"2023-07-08T21:48:46.342Z","Hapa's Brewing Company","114 S Santa Cruz Ave, Los Gatos, CA 95030, United States","generic","","","Cocktails#Bar#Beers#Already tried#California#Tasty!#Tapas",""
"2023-06-21T12:07:40.739Z","Plage de Tamaricciu","Unnamed Road 20137, 20137 Porto-Vecchio, France","generic","","","Already tried#Cocktails#Bar#Restaurant#Pizza#Tasty!#With a view#Terrace",""
"2023-06-21T12:06:44.799Z","La Caravelle","Quai Jérôme Comparetti, 20169 Bonifacio, France","restaurant","","","Already tried#Cocktails#Hotel#Restaurant#Tasty!#With a view",""
"2023-05-29T00:56:35.523Z","Noi Thai Cuisine","C, 2301 Kalakaua Ave C308, Honolulu, HI 96815, USA","restaurant","","","Cocktails#Restaurant#Tasty!#Thai",""
"2023-05-29T00:54:30.408Z","Kualoa Ranch & Zipline","49-560 Kamehameha Hwy, Kaneohe, HI 96744, USA","generic","","","Already tried#Terrace#With a view",""
"2023-05-29T00:51:30.956Z","Daley","1110 Nuuanu Ave Honolulu, HI 96817 USA","generic","","","Burger#Brunch#Beers#Already tried#Restaurant#Tasty!#Terrace",""
"2023-05-28T00:11:20.487Z","North Shore Shrimp Truck","59-694 Kamehameha Hwy, Haleiwa, HI 96712, USA","restaurant","","","Already tried#Burger#California#Cocktails#Restaurant#Tasty!#Tapas",""
"2023-05-27T08:04:12.308Z","Gyu-Kaku Japanese BBQ","1221 Kapiolani Blvd #105, Honolulu, HI 96814, USA","restaurant","","","Already tried#Restaurant#Tasty!",""
"2023-05-25T06:23:18.499Z","Monkeypod Kitchen by Merriman","10 Wailea Gateway Place B-201, Kihei, HI 96753, United States","restaurant","","","Already tried#Beers#Brunch#Burger#Cocktails#Chic#Tasty!#Restaurant",""
"2023-04-09T23:28:29.932Z","Scoma's Sausalito","588 Bridgeway, Sausalito, CA 94965, United States","restaurant","","","Already tried#California#Burger#Beers#Bar#Chic#Cocktails#Italian#Restaurant#Tasty!#With a view#Wine#Terrace",""
"2023-04-09T23:27:50.091Z","Joinery","300 Turney St, Sausalito CA 94965","restaurant","","","Already tried#Beers#Brunch#Burger#California#Cocktails#Coffee#Friend#Restaurant#Tasty!#Terrace#With a view#Wine#Tapas",""
"2023-04-08T18:12:18.467Z","Skilletz","37378 Niles Blvd Fremont, CA 94536 USA","generic","","","Already tried#Brunch#Burger#Coffee#Friend#Restaurant#Tasty!#California",""
"2023-02-27T03:11:07.471Z","Tiki-Ti","4427 Sunset Blvd, Los Angeles, CA 90027, United States","bar","","","To try#Bar",""
"2023-02-27T03:08:34.428Z","New York Grill","Japan, 〒163-1055 Tokyo, Shinjuku, Nishishinjuku, 3−1, -2","restaurant","","","To try#Bar",""
"2023-02-27T03:05:31.948Z","Ritz Paris","15 Place Vendôme, 75001 Paris, France","lodging","","","To try#Bar",""
"2023-02-27T03:04:24.361Z","Napoleon House","500 Chartres St, New Orleans, LA 70130, United States","restaurant","","","To try#Bar",""
"2023-02-27T03:03:57.908Z","Boadas Cocktail Bar","Carrer TALLERS, 1, Barcelona Barcelona 08001","bar","","","To try#Bar",""
"2023-02-27T03:03:19.103Z","The Savoy","Strand, LONDON WC2R 0EZ","lodging","","","To try#Bar#Hotel",""
"2023-02-27T03:01:44.222Z","Bemelmans Bar","35 E 76th St, New York, NY 10075, United States","bar","","","To try#Bar",""
"2023-02-27T03:01:15.765Z","El Floridita Bar","Obispo, La Habana, Cuba","bar","","","To try#Bar",""
"2023-02-24T03:42:26.819Z","San Pedrito","De San Miguel Tianguisnahuitl,, Avenida Morelos 405B, San Miguel, Barrio de San Miguel Tianguisnahuitl, 72750 De San Miguel Tianguisnahuitl, Pue., Mexico","bar","","","Bar#Cocktails#Mexico#Restaurant#Tasty!#Tapas",""
"2023-02-17T04:40:58.188Z","Aziamx","Avenida Ricardo Margáin Zozaya Sur, Corporativo Santa Engracia, 66273 San Pedro Garza García, NL, Mexico","generic","","","Already tried#Afterwork#Bar#Burger#Cocktails#Mexico#Restaurant#Tasty!",""
"2023-02-05T03:53:45.710Z","Nari","1625 Post St, San Francisco, CA 94115, USA","restaurant","","","Already tried#Afterwork#Bar#Cocktails#Chic#Restaurant#Tasty!",""
"2022-12-25T06:33:38.771Z","Harriet’s Rooftop","8490 West Sunset Boulevard, Rooftop, West Hollywood, CA 90069, USA","bar","","","Bar#California#Cocktails#Hotel",""
"2022-12-25T06:33:11.650Z","Per L'Ora","649 S Olive St, Los Angeles, CA 90014-1635, United States","generic","","","California#Bar#Cocktails#Chic#Hotel#Italian",""
"2022-12-03T18:08:41.425Z","Parkside Cafe","43 Arenal Ave, Stinson Beach, CA 94970, United States","restaurant","","1","Bar#Coffee#California",""
"2022-11-26T00:21:45.254Z","Castello di Amorosa","4045 St Helena Hwy, Calistoga, CA 94515, United States","generic","","","Bar#California#Wine",""
"2022-11-25T19:44:15.164Z","Jax White Mule Diner","1122 1st St, Napa, CA 94559, USA","restaurant","","","Burger#California#Bar#Cocktails#Coffee#Friend#Afterwork#Beers#Restaurant#Tasty!#Tapas#Whisky#Wine#Terrace",""
"2022-10-09T00:18:26.899Z","TAQUERIA LAS BRASAS","Calle Camino Real a Cholula 2211, Bello Horizonte, 72735 Puebla, Pue., México","restaurant","","4.5","Already tried#Mexico#Restaurant#Tasty!",""
"2022-10-02T22:44:36.857Z","Baker's Keyboard Lounge","20510 Livernois Ave, Detroit, MI 48221, United States","bar","","","Bar#Cocktails#Chic#Detroit#Restaurant#Tasty!",""
"2022-09-19T00:52:37.445Z","El Rey Taquiza Artesanal","2491 Mission St, San Francisco, CA  94110, United States","generic","","","To try#Already tried#California#Mexico#Restaurant#Tasty!#Tapas",""
"2022-09-11T04:29:27.599Z","Doppio Zero San Francisco","395 Hayes St, San Francisco CA 94102","restaurant","","","To try#Bar#Already tried#California#Meat#Italian#Restaurant#Pizza#Tasty!",""
"2022-08-21T17:20:32.662Z","Sunshine","213 Stage Rd Pescadero, CA 94060 USA","generic","","","To try#Already tried#California#Coffee#Restaurant#Tasty!",""
"2022-07-24T00:06:15.431Z","Taco Boys","1015 S Rural Rd, Tempe, AZ  85281, United States","generic","","","To try#Already tried#Beers#Mexico#Tasty!",""
"2022-07-11T00:03:41.366Z","Telefèric Barcelona - Los Gatos","50 University Ave Los Gatos, CA 95030 USA","generic","","","To try#California#Cocktails#Restaurant#Tasty!#Tapas#Barcelona",""
"2022-06-15T08:13:26.673Z","Hotel Miramalfi","Via Quasimodo, 3, 84011 Amalfi SA, Italy","lodging","","","Bar#Italian#Hotel#Tasty!#Restaurant#With a view#Terrace",""
"2022-06-13T20:40:51.986Z","Nannarella, Osteria Dal 1930, Roma Trastevere","Piazza di S. Calisto, 5, 00153 Roma RM, Italy","restaurant","","2","Italian#Cocktails#Meat#Restaurant#Terrace#Tasty!#Pizza",""
"2022-06-13T07:43:14.896Z","Panella","Via Merulana, 54, 00185 Roma, Italy","restaurant","","","To try#Coffee#Italian",""
"2022-06-12T19:57:52.170Z","Alle Carrette","Via della Madonna dei Monti, 95, 00184 Roma, Italy","restaurant","","","Already tried#Cheese#Cocktails#Restaurant#Tasty!#Wine#Terrace#Italian",""
"2022-06-04T20:20:17.007Z","MyMy Coffee Shop","1500 California St, San Francisco, CA 94109, United States","restaurant","","","Brunch#California#Restaurant#Tasty!",""
"2022-06-03T03:32:42.831Z","Sushi Maruyama","279 Baldwin Ave, San Mateo, CA 94401, USA","restaurant","","","To try#Already tried#Afterwork#Sushi",""
"2022-05-22T21:54:21.059Z","Duarte's Tavern","202 Stage Rd, Pescadero, CA 94060, United States","bar","","","California#Bar#Cocktails#Restaurant#Tasty!#Terrace",""
"2022-05-22T21:53:21.389Z","Taqueria de Amigos","2974 S Norfolk St San Mateo, CA 94403-2018 USA","restaurant","","","California#Bar#Brunch#Restaurant#Tasty!#Terrace",""
"2022-05-14T19:40:48.116Z","State Street Market","170 State St, Los Altos, CA 94022, USA","restaurant","","","California#Cocktails#Burger#Bar#Already tried#Afterwork#Charcuterie#Cheese#Restaurant#Tasty!#Wine#Terrace#With a view",""
"2022-05-14T02:24:10.668Z","Domenico Winery","1697 Industrial Rd, San Carlos, CA 94070, USA","generic","","","Already tried#California#Bar#Brunch#Beers#Cheese#Charcuterie#Cocktails#Italian#Terrace#Tasty!#Wine",""
"2022-05-07T18:56:07.303Z","Paulista Brazilian Kitchen and Taproom","4239 Park Blvd, Oakland, CA 94602, USA","cafe","","","Brunch#California#Bar#Already tried#Restaurant#Tasty!#Terrace",""
"2022-04-22T21:29:45.376Z","La Colombe d'Or","La Colombe d'Or, 06570 Saint-Paul-de-Vence, France","lodging","","","Hotel",""
"2022-04-19T01:09:18.542Z","Rasselbock Kitchen & Beer Garden","4020 Atlantic Ave, Long Beach, CA 90807, USA","restaurant","","","Already tried#California#Bar#Burger#Cocktails#Restaurant#Tasty!#Terrace",""
"2022-04-15T02:11:21.349Z","Das Bierhauz","135 Castro St Mountain View, CA 94041 USA","restaurant","","","Beers#California#Terrace",""
"2022-03-09T12:10:21.144Z","Lighthouse cafe","90 St Georges St, Simon's Town, Cape Town, 7995, South Africa","restaurant","","","Burger#Brunch#Bar#Restaurant#Tasty!#Terrace",""
"2022-03-09T09:15:48.808Z","Blue Waters Hotel","175 Snell Parade, Marine Parade, Durban, 4056, South Africa","lodging","","","Restaurant#With a view#Terrace",""
"2022-03-09T09:13:40.497Z","The Old Biscuit Mill","375 Albert Rd, Woodstock, Cape Town, 7915, South Africa","shopping","","","Coffee#Restaurant#Tasty!#Brunch",""
"2022-03-08T16:04:20.008Z","La Parada V&A Waterfront","1 Dock Rd, V & A Waterfront, Cape Town, 8001, South Africa","restaurant","","","Already tried#Bar#Cocktails#Burger#Tasty!#Wine#With a view#Terrace#Restaurant",""
"2022-03-06T06:24:25.675Z","Alluvia Guest House","Stellenbosch South Africa","lodging","","","Hotel#Chic#Restaurant#Wine#With a view",""
"2022-03-06T06:23:32.009Z","Simonzicht Guest House","Stellenbosch 7600 South Africa","lodging","","","Cocktails#Chic#Hotel#Restaurant#Terrace#With a view",""
"2022-03-03T18:45:53.621Z","Le Pommier Wine Estate","Helshoogte Road, Helshoogte Rd, Banhoek, Stellenbosch, 7609, Afrique du Sud","lodging","","","Bar#Restaurant#Wine#With a view",""
"2022-02-27T00:21:09.239Z","Pacific Catch","711 Stanford Shopping Ctr Palo Alto, CA 94304 USA","generic","","","Already tried#Bar#Burger#California#Brunch#Beers#Cocktails#Restaurant#Tasty!",""
"2022-02-19T17:11:02.296Z","Buck Meadows","7647 CA-120 Groveland, CA 95321 USA","restaurant","","","Brunch#California#Coffee",""
"2022-01-30T19:28:42.237Z","Bill's Cafe","1115 Willow St San Jose, CA 95125 USA","restaurant","","","California#Bar#Brunch#Coffee#Cocktails#Restaurant",""
"2022-01-30T19:22:16.189Z","Old West Cinnamon Rolls","861 Dolliver St Pismo Beach, CA 93449 USA","supermarket","","","Brunch#California",""
"2022-01-30T19:14:07.654Z","Penny's All American Cafe'","1053 Price St, Pismo Beach, CA 93449, USA","cafe","","","Brunch#Coffee#California#Restaurant#Tasty!#Terrace",""
"2022-01-29T22:08:32.883Z","Wooly's","101 Pomeroy Ave Pismo Beach, CA 93449 USA","restaurant","","","Already tried#Bar#Brunch#Burger#California#Cocktails#Restaurant#Tasty!#With a view#Terrace",""
"2022-01-17T00:42:10.450Z","Bar of America","10040 Donner Pass Rd, Truckee, CA 96161, USA","bar","","","Bar#California#Restaurant#Tasty!#Whisky",""
"2022-01-15T03:43:21.528Z","La Fondue","14550 Big Basin Way, Saratoga, CA 95070, USA","restaurant","","","California#Chic#Cocktails#Restaurant#Tasty!",""
"2022-01-08T05:26:39.287Z","Barebottle Brewing Company","2520 Augustine Dr Santa Clara, CA 95054 USA","wine","","","Bar#Beers",""
"2022-01-04T00:56:39.356Z","Mable's Smoke House","44 Berry St Brooklyn, NY 11249 USA","restaurant","","","Bar#Beers#Restaurant#Tasty!",""
"2022-01-02T17:45:38.770Z","Jack's Stir Brew Coffee","146 Main St East Hampton, NY 11930 USA","cafe","","","Coffee",""
"2021-12-31T15:51:46.323Z","La Morada Restaurant","308 Willis Ave Bronx, NY 10454 USA","restaurant","","","Bar#Cocktails#Restaurant#Tapas#Mexico",""
"2021-12-31T05:18:12.911Z","Rocka Rolla","486 Metropolitan Ave Brooklyn, NY 11211 USA","bar","","","Bar",""
"2021-12-30T06:06:34.313Z","Burger Joint","119 W 56th St New York, NY 10019 USA","restaurant","","","Bar#Burger#Beers#Meat#Restaurant#Tasty!",""
"2021-12-29T23:52:30.753Z","Barcade","148 W 24th St New York, NY 10011 USA","restaurant","","","Bar#Burger#Cocktails#Restaurant#Tasty!",""
"2021-12-29T23:51:56.065Z","Kingston Hall","149 2nd Ave New York, NY 10003 USA","restaurant","","","Bar#Cocktails#Restaurant",""
"2021-12-29T23:48:53.751Z","Death and Co","433 E 6th St New York, NY 10009 USA","restaurant","","","Bar#Cocktails#Tasty!",""
"2021-12-29T23:46:02.037Z","Crif Dogs","113 St Marks Pl, New York, NY 10009, United States","restaurant","","","Burger#Bar#Restaurant#Tasty!",""
"2021-12-29T23:41:49.273Z","Goodnight Sonny","134 1st Ave New York, NY 10009 USA","restaurant","","","Bar#Restaurant",""
"2021-12-29T23:39:20.282Z","Angel's Share","8 Stuyvesant St, New York, NY 10003, United States","bar","","","Bar#Beers#Restaurant",""
"2021-12-29T23:38:31.462Z","McSorley's Old Ale House","15 E 7th St, New York, NY 10003, United States","bar","","","Bar",""
"2021-12-29T23:37:24.116Z","The Campbell Apartment","15 Vanderbilt Ave New York, NY 10017 USA","bar","","","Bar#Cocktails#Chic#Tasty!#Whisky#Wine",""
"2021-12-29T02:52:56.535Z","Carmine's","200 W 44th St, New York, NY 10036, United States","restaurant","","","Already tried#Bar#Cocktails#Meat#Restaurant#Tasty!#Wine#Italian",""
"2021-12-28T22:58:45.173Z","The Skylark","200 W 39th St, New York, NY 10018, United States","bar","","","Cocktails#Terrace#Tasty!#To try",""
"2021-12-28T15:47:35.771Z","Levain","167 W 74th St, New York, NY 10023, United States","restaurant","","","Already tried#Tasty!#Coffee#Brunch",""
"2021-12-25T04:26:21.336Z","Nusr-Et Steakhouse Beverly Hills","N Canon Dr Beverly Hills, CA 90210 USA","generic","","","Already tried#Burger#Brunch#California#Cocktails#Chic#Restaurant#Tasty!",""
"2021-12-24T17:26:15.637Z","Mott 32","3325 Las Vegas Blvd S Las Vegas, NV 89109 USA","restaurant","","","California#Restaurant#Tasty!#With a view",""
"2021-12-24T17:25:25.549Z","Mr. Mamas Breakfast And Lunch","5693 S Jones Blvd, Las Vegas, NV 89118, United States","restaurant","","","Coffee#Restaurant#Brunch",""
"2021-12-20T04:49:23.975Z","No Jealousy","1638 N Las Palmas Ave Los Angeles, CA 90028 USA","restaurant","","","Already tried#Bar#California#Burger#Cocktails#Brunch#Restaurant#Tasty!",""
"2021-12-20T04:47:45.432Z","Soho House West Hollywood","9200 Sunset Blvd, West Hollywood, CA 90069, United States","generic","","","Already tried#Bar#Burger#Brunch#Beers#Cocktails#Restaurant#Tasty!",""
"2021-12-20T04:47:14.962Z","Good Times","1611 N El Centro Ave Los Angeles, CA 90028 USA","restaurant","","","Already tried#Bar#Cocktails#California#Terrace",""
"2021-12-12T06:37:34.634Z","Jaxson","3231 Fillmore St, San Francisco, CA 94123, USA","bar","","","Bar#Restaurant#Tasty!",""
"2021-12-11T22:06:00.081Z","Las Positas Vineyards","1828 Wetmore Rd Livermore, CA 94550 USA","wine","","","Already tried#Bar#California#Cheese#Chic#Wine#Tasty!#Terrace#With a view",""
"2021-11-28T00:11:59.832Z","Vesta","2022 Broadway St Redwood City, CA 94063 USA","restaurant","","","California#Restaurant#Pizza#To try",""
"2021-11-28T00:10:39.110Z","Rustic House Oyster Bar & Grill","920 El Camino Real San Carlos, CA 94070 USA","generic","","","Already tried#Bar#California#Burger#Cocktails#Restaurant#Tasty!#Wine#Tapas#Terrace#Mexico",""
"2021-11-24T19:19:36.854Z","S Caffecito","Privada Agua Escondida Barrio de la Veracruz 40260 Taxco de Alarcón, Guerrero Mexico","restaurant","","","Restaurant#Tasty!#Terrace#Coffee#With a view",""
"2021-11-24T00:33:38.644Z","La Susheria","Calle Juan Ruíz de Alarcón 7 Taxco de Alarcón Centro 40200 Taxco de Alarcón, Guerrero Mexico","restaurant","","","Bar#Mexico#Tasty!#Restaurant",""
"2021-11-24T00:19:09.067Z","La Noche Estrellada","Calle del Arco 1 Barrio de San Marcos (Zona Centro) 40250 Taxco de Alarcón, Guerrero Mexico","restaurant","","","Bar#Terrace#With a view",""
"2021-11-18T05:14:05.262Z","Entre Tierras","Calle 4 Nte 410, Centro, 72000 Puebla, Pue., Mexico","restaurant","","","Chic#Restaurant#Tasty!#Mexico",""
"2021-11-13T04:04:46.966Z","The REFUGE San Carlos","963 Laurel St, San Carlos, CA 94070, United States","restaurant","","","Burger#California#Bar#Beers#Restaurant#Tasty!",""
"2021-11-10T17:52:04.275Z","Newport Coffee Company","104 McFadden Pl Newport Beach, CA 92663 USA","shopping","","","Coffee#California",""
"2021-11-08T02:11:11.169Z","WesBurger n' More","2240 Mission St, San Francisco, CA 94110, United States","restaurant","","","Burger#California#Meat#Restaurant#Tasty!#Already tried",""
"2021-11-07T03:30:17.241Z","El Jardin Tequila Bar & Restaurant","368 Santana Row, San Jose, CA 95128, USA","restaurant","","","Afterwork#Already tried#Bar#California#Cocktails#Restaurant#Terrace#Tapas",""
"2021-11-03T18:39:53.104Z","Paris Baguette","5009 Mowry Ave Fremont, CA 94538 USA","supermarket","","","Brunch#Coffee",""
"2021-10-09T22:30:46.428Z","Ciudad Sagrada","Av 2 Ote 615, San Miguel, Barrio de San Miguel Tianguisnahuitl, 72760 San Andrés Cholula, Pue., Mexico","restaurant","","","Brunch#Bar#Already tried#Cocktails#Chic#Restaurant#Tasty!#Mexico",""
"2021-10-09T01:43:42.605Z","Pasto","Avenida 13 Oriente San Pablo Tecámac 72750 San Pedro Cholula, Puebla Mexico","generic","","","Already tried#Afterwork#Bar#Cocktails#Mexico#Restaurant#Tasty!",""
"2021-09-26T18:54:36.433Z","The Breakfast Club at Midtown","1432 W San Carlos St #80, San Jose, CA 95126, USA","restaurant","","","Brunch#Burger#California#Cocktails#Coffee#Restaurant#Tasty!",""
"2021-09-23T00:04:35.605Z","Bend Painting","62910 Boyd Acres Rd Bend, OR 97701 USA","generic","","","Tasty!#Beers",""
"2021-09-22T02:47:27.891Z","Sicilian Butcher","3151 W Frye Rd Chandler, AZ 85226 USA","restaurant","","","Already tried#Restaurant#Tasty!",""
"2021-09-06T00:35:26.649Z","Tony's Pizza Napoletana","1570 Stockton St, San Francisco, CA 94133, United States","restaurant","","","Already tried#California#Coffee#Tasty!#Restaurant#Pizza",""
"2021-09-05T21:33:29.591Z","Cafe Réveille","201 Steiner St, San Francisco, CA 94117, USA","cafe","","","Already tried#Brunch#Burger#California#Chic#Coffee",""
"2021-09-02T04:48:58.119Z","El Gran Takazo","Boulevard Hermanos Serdán San Rafael Poniente 72029 Puebla, Puebla Mexico","generic","","","Already tried#Mexico#Meat#Restaurant#Tasty!",""
"2021-08-29T19:00:52.548Z","New Belgium Brewpub San Francisco","1000a 3rd St, San Francisco CA 94158","bar","","","Burger#California#Brunch#Bar#Tasty!#To try",""
"2021-08-29T18:59:21.001Z","Westwood","2036 Lombard St San Francisco, CA 94123 USA","restaurant","","","Brunch#Burger#California#Bar#Tasty!#Restaurant#To try",""
"2021-08-29T18:57:16.254Z","Causwells","2346 Chestnut St, San Francisco, CA 94123, United States","restaurant","","","Already tried#To try#Tapas#Restaurant#Tasty!#California#Burger#Brunch",""
"2021-08-22T18:18:38.435Z","Hippies Brew","34910 11th St Union City, CA 94587 USA","restaurant","","","Brunch#Already tried#Coffee#California#Restaurant#Tasty!",""
"2021-08-01T00:13:58.450Z","Cultura Comida Y Bebida","Dolores St Carmel-by-the-Sea, CA 93921 USA","restaurant","","","Already tried#Bar#California#Cocktails#Mexico#Restaurant#Tasty!#Tapas",""
"2021-07-24T03:01:55.403Z","Telefèric Barcelona Palo Alto","855 El Camino Real #130, Palo Alto, CA 94301, États-Unis","restaurant","","","Barcelona#California#Restaurant#Tasty!#Tapas#To try",""
"2021-07-05T01:58:23.556Z","Smuggler's Cove","650 Gough St, San Francisco, CA 94102, United States","bar","","","Bar#Cocktails#California",""
"2021-06-26T04:43:47.963Z","Lazy Dog Restaurant & Bar","3100 Newpark Mall, Newark CA 94560","restaurant","","","Already tried#Brunch#Burger#California#Cocktails#Restaurant#Meat#Whisky#Tasty!",""
"2021-06-13T00:08:24.368Z","Zazil Cocina Mexicana","377 Santana Row San Jose, CA 95128 USA","restaurant","","","Already tried#Beers#Brunch#California#Restaurant#Tasty!#Tapas#Terrace",""
"2021-06-09T13:28:14.039Z","Breaking Bread Coffee","Boulevard Gran Boulevard Lomas 1, Lomas de Angelópolis, 72830 San Andrés Cholula, PUE, Mexico","generic","","","Coffee#Mexico",""
"2021-06-07T00:23:27.387Z","Los Aguachiles Playacar","Avenida 10 Sur Playa del Carmen Centro 77710 Playa del Carmen, Quintana Roo Mexico","restaurant","","","Cocktails#Mexico#Restaurant#Tasty!#Tapas",""
"2021-06-06T22:36:22.680Z","Playa Palancar","77664 Cozumel Mexico","beach","","","Mexico#With a view#Terrace",""
"2021-06-05T23:05:40.063Z","Kool Beach Club","Calle 28 Norte Gonzalo Guerrero 77720 Playa del Carmen, Quintana Roo Mexico","bar","","","Cocktails#Coffee#Tasty!#Terrace#Mexico",""
"2021-06-03T01:00:07.792Z","Piacevole Puebla","Osa Mayor 2716, Reserva Territorial Atlixcáyotl, Centros Comerciales Desarrollo Atlixcayotl, 72193 Puebla, Pue., México","restaurant","","","Restaurant#Tasty!",""
"2021-06-03T00:59:07.381Z","Sonora Grill Prime Puebla","Avenida Juárez 2706, La Paz, 72160 Puebla, Pue., Mexique","restaurant","","","To try#Restaurant#Tasty!",""
"2021-06-02T01:58:16.168Z","Nouveau Trattoria","541 Bryant St Palo Alto, CA 94301 USA","restaurant","","","To try#Restaurant",""
"2021-06-02T01:55:26.321Z","Mezcalito","2323 Polk St San Francisco, CA 94109 USA","restaurant","","","To try#Wine#Bar",""
"2021-06-02T01:54:45.615Z","Union Larder","1945 Hyde St San Francisco, CA 94109 USA","restaurant","","","To try",""
"2021-06-02T01:54:11.771Z","Tacko","3115 Fillmore St San Francisco, CA 94123 USA","restaurant","","","To try#Tasty!#Restaurant",""
"2021-06-02T01:53:25.511Z","Zazie","941 Cole St, San Francisco, CA 94117, United States","restaurant","","","To try#Tasty!#Restaurant",""
"2021-06-02T01:47:58.532Z","BJ's Restaurant & Brewhouse","5699 Mowry Ave Newark, CA 94560 USA","generic","","","Already tried#Beers#Burger#Bar#Restaurant#Tapas",""
"2021-05-22T01:23:24.097Z","Bilderberg Taproom","Prol. 4 Ote. 1206, Santiago Xicotenco, 72810 San Andrés Cholula, Pue., México","restaurant","","","Afterwork#Bar#Mexico",""
"2021-05-15T01:15:51.195Z","La Estancia Argentina","Atlixcáyotl 5312, Reserva Territorial Atlixcáyotl, Corredor Comercial Desarrollo Atlixcayotl, 72197 Puebla, Pue., Mexico","restaurant","","","Already tried#Mexico#Meat#Restaurant",""
"2021-05-08T15:18:56.497Z","Cerveceria Crazy Moon","Avenida Miguel Hidalgo 106 San Pedro Cholula Centro 72760 San Pedro Cholula, Puebla Mexico","restaurant","","","Already tried#Mexico#Restaurant#Tasty!#Tapas",""
"2021-05-08T15:16:52.674Z","La Casa De FRIDA","Av. Miguel Hidalgo 109, Centro, 72760 Cholula de Rivadabia, Pue., Mexico","restaurant","","","Mexico#Tasty!#Restaurant",""
"2021-05-08T15:15:55.228Z","Palmira Jardin Bar & Grill","Libramiento Ricardo Flores Magón 74240 Atlixco Mexico","restaurant","","","Already tried#Mexico#Restaurant#Tasty!#With a view#Coffee#Cocktails",""
"2021-04-10T23:03:03.415Z","Black Bear Diner Sunnyvale","415 E El Camino Real, Sunnyvale CA 94087","restaurant","","","Already tried#Bar#Brunch#California#Restaurant",""
"2021-04-05T01:33:29.736Z","Mochomos - Puebla","Vía Atlixcayotl #4931, Plaza Solesta, Reserva territorial Atlixcayotl Puebla PUE 72820","restaurant","","","Afterwork#Already tried#Burger#Bar#Cocktails#Chic#Mexico#Meat#Restaurant#Tasty!",""
"2021-04-05T01:31:37.255Z","Finca Ensamble","Avenida 7 Oriente 418 San Pablo Tecámac 72750 San Pedro Cholula, Puebla Mexico","restaurant","","","Already tried#Afterwork#Bar#Beers#Friend#Mexico#Terrace#Tapas",""
"2020-10-31T14:49:50.428Z","Pas Sage","6, Grand-Rue 1660 Luxembourg Luxembourg","restaurant","","","Bar#Tasty!#Wine",""
"2020-10-31T14:49:08.839Z","Dipso the Wine Republic","4, Rue de la Loge Luxembourg Luxembourg","restaurant","","","Bar#Tasty!#Wine",""
"2020-10-11T09:29:59.758Z","Le Café de l'Homme","17 Place du Trocadéro et du 11 Novembre, 75016 Paris, France","restaurant","","","With a view",""
"2020-09-14T10:37:42.348Z","Nord Coast Coffee Roastery","Deichstraße 9, 20459 Hamburg, Germany","generic","","","Already tried#Brunch#Coffee#Restaurant#Tasty!#Terrace#With a view",""
"2020-02-22T20:45:19.920Z","Cloud Nine Temple Bar","46 Temple Bar Dublin 2 D02 Ireland","fastfood","","","Bar#Friend#Restaurant#Pizza",""
"2020-02-22T20:44:31.979Z","St James's Gate Guinness Brewery","Dublin 8 8 Ireland","forest","","","Bar#With a view",""
"2020-02-22T20:43:26.602Z","Muscat","William Street South Dublin 2 D02 XW99 Ireland","restaurant","","","Restaurant#Meat#Tasty!#Tapas#Wine#Cocktails#Bar",""
"2020-02-21T21:27:39.535Z","P.Mac's","30 Stephen Street Lower, Dublin, Ireland","restaurant","","","Brunch#Beers#Burger#Cocktails#Friend#Restaurant#Tasty!#Whisky#Wine",""
"2020-02-21T21:27:06.742Z","Wing It - George's Street","63 South Great George's Street, Dublin Co Dublin D02 A036","restaurant","","","Brunch#Burger#Cocktails#Restaurant#Tasty!#Tapas#Whisky",""
"2020-02-21T09:22:11.661Z","Dulce Bun House","48 Oliver Plunkett St, Centre, Cork, T12 C6KF, Ireland","cafe","","","Coffee#Tasty!#Brunch",""
"2020-02-20T20:30:00.995Z","Elbow Lane","4 Oliver Plunkett Street Cork T12 YH24 Ireland","restaurant","","","Burger#Beers#Chic#Restaurant#Meat#Tasty!#Whisky#Wine",""
"2020-02-20T20:29:21.633Z","Son of a Bun","28 MacCurtain Street, Montenotte, Cork, Ireland","restaurant","","","Burger#Brunch#Bar#Beers#Tasty!#Whisky",""
"2020-01-26T10:48:27.087Z","Hyggestund","ViktoriaGade 6 Copenhagen Denmark","restaurant","","","Brunch#Restaurant#Tasty!",""
"2020-01-26T10:47:55.776Z","Cafe Hyggestunden","Parallelvej 8 9900 Frederikshavn Denmark","restaurant","","","Brunch#Restaurant#Tasty!",""
"2020-01-26T10:23:29.546Z","Mad & Kaffe Norrebro","Nørrebrogade 160 2200 København N Denmark","restaurant","","","Brunch#Coffee",""
"2020-01-26T10:22:39.123Z","Mad & Kaffe Amagerbro","Tyrolsgade 6, 2300 København S, Denmark","restaurant","","","Coffee#Brunch",""
"2020-01-26T10:21:47.766Z","Prolog coffee bar","Høkerboderne 16, 1712 København V, Denmark","cafe","","","Coffee#Tasty!",""
"2020-01-26T09:34:18.087Z","Nyhavns Færgekro","Nyhavn 5, 1051 København K, Denmark","restaurant","","","Already tried#Restaurant#Tasty!#With a view",""
"2020-01-26T09:32:30.495Z","Le 203","Chaussée de Waterloo Chaussée de Waterloo, 1060 Bruxelles, Belgium","restaurant","","","Restaurant#Tasty!#To try",""
"2020-01-25T09:44:11.429Z","Brasserie Brugge die Scone","Pandreitje 1A 8000 Bruges Belgium","restaurant","","","Already tried#Restaurant#Tasty!#With a view",""
"2020-01-25T09:42:15.916Z","The Union Kitchen","Store Strandstræde 21 Copenhagen Denmark","restaurant","","","Already tried#Bar#Brunch#Burger#Cocktails#Coffee#Restaurant#Tasty!",""
"2020-01-23T07:07:26.568Z","La Gondola","Seehalde 2 88149 Nonnenhorn Germany","restaurant","","","Already tried#Restaurant#Pizza",""
"2019-12-08T16:53:37.560Z","Mokka","Maximilianstraße 26, 88131 Lindau (Bodensee)","generic","","","Bar#Chic#Coffee#Wine",""
"2019-10-23T17:52:22.006Z","2be in Brugge / The Beerwall","Wollestraat 53 8000 Bruges Belgium","supermarket","","","Beers",""
"2019-10-20T21:34:58.800Z","2be in Brugge / The Beerwall","Wollestraat 53 8000 Bruges Belgium","supermarket","","","Bar#Friend#Beers",""
"2019-09-18T20:09:02.618Z","Gold Cash Gold","2100 Michigan Ave Detroit, MI 48216 USA","restaurant","","","Bar#Detroit#Restaurant#Tasty!",""
"2019-09-18T20:08:30.093Z","Slows BarBq","2138 Michigan Ave, Detroit, MI 48216, États-Unis","restaurant","","","Bar#Detroit#Restaurant#Tasty!",""
"2019-09-18T20:07:44.183Z","Slow BBQ","Tijuana, 22024 Tijuana, Baja California","restaurant","","","Bar#Restaurant",""
"2019-09-18T20:05:08.138Z","Woodward Imperial Bar","22828 Woodward Ave Ferndale, MI 48220 USA","restaurant","","","Bar#Brunch#Detroit#Tasty!#Restaurant",""
"2019-09-17T20:08:18.293Z","Badisch Brauhaus","Stephanienstraße 38 Innenstadt-West, 76133 Karlsruhe Germany","restaurant","","","Bar#Friend#Restaurant#To try",""
"2019-09-11T18:18:29.925Z","SAUSALITOS Stuttgart Marienstraße","Marienstraße 3b, Stuttgart BW 70178","restaurant","","","Cocktails#Restaurant#Tasty!#Tapas",""
"2019-09-03T18:36:06.512Z","The Commune Social","511 Jiangning Rd, Jingan Qu, Shanghai Shi, China","restaurant","","","Restaurant#Tapas",""
"2019-09-03T18:33:02.509Z","Lost Heaven","38 Gaoyou Rd, Xuhui, Shanghai, China","restaurant","","","Restaurant",""
"2019-09-01T17:45:02.426Z","Yam Yam Restaurant","SalzGasse 5 88131 Lindau (Bodensee) Germany","restaurant","","","Already tried#Restaurant#Tasty!",""
"2019-08-06T20:05:09.002Z","Il Passerotto","Via Roma, 23, 21047 Saronno","restaurant","","","Already tried#Chic#Cocktails#Restaurant#Tasty!#Terrace#Wine",""
"2019-07-21T12:45:55.721Z","Taste of Belgium - Over The Rhine","1135 Vine Street, Cincinnati OH 45202","restaurant","","","Brunch#Friend#Cocktails#Restaurant#Tasty!",""
"2019-07-21T12:42:45.726Z","Maker's Mark Distillery","3350 Burks Spring Rd Loretto, KY 40037 USA","museum","","","Already tried#Whisky#Tasty!#Museum",""
"2019-07-21T12:41:13.773Z","José Cuervo","San Martin 169,, Chula Vista, 46404 Tequila, Jal., Mexico","lodging","","","Cocktails#Museum#Mexico#Tasty!",""
"2019-07-21T12:40:12.272Z","Restaurante Fonda Cholula","Ramón Corona & José Cuervo, Centro, 46400 Tequila, Jal., Mexico","restaurant","","","Mexico#Meat#Restaurant#Tasty!#Terrace#With a view",""
"2019-07-19T19:34:25.831Z","La Chata de Guadalajara","Avenida Ramón Corona 126 Guadalajara Centro 44100 Guadalajara Mexico","restaurant","","","Already tried#Coffee#Mexico#Restaurant#Meat#Tasty!",""
"2019-07-19T19:33:31.507Z","Casa Luna","Calle Independencia 211 Fracc López Cotilla 45615 Tlaquepaque, Jalisco Mexico","restaurant","","","Bar#Brunch#Cocktails#Mexico#Restaurant#Tasty!#Terrace#With a view",""
"2019-07-16T15:13:20.535Z","Mi Viejo Pueblito Antequera","Av 31 Pte 45, Nueva Antequera, 72180 Puebla, Pue., Mexico","restaurant","","","Already tried#Brunch#Bar#Cocktails#Coffee#Friend#Mexico#Meat#Restaurant#Tasty!",""
"2019-07-06T20:05:42.567Z","Red Coat Tavern","6745 Orchard Lake Rd, West Bloomfield Township, MI 48322, USA","restaurant","","","Brunch#Already tried#Bar#Cocktails#Meat#Detroit#Friend#Restaurant#Tasty!",""
"2019-07-01T17:58:21.490Z","Bbq Longhorn","Marktstraße 21 6850 Dornbirn Austria","restaurant","","","Already tried#Burger#Cocktails#Friend#Meat#Restaurant#Tasty!",""
"2019-06-17T20:09:12.212Z","Los Galeones","Calle de Barcelona 28012 Sol Madrid Spain","restaurant","","","Bar#Cocktails#Restaurant#Tasty!#Tapas#Wine#Already tried",""
"2019-06-17T20:07:25.586Z","La Barraca","Calle Reina, 29, 28004 Madrid","restaurant","","","Charcuterie#Cheese#Cocktails#Meat#Restaurant#Tapas#Tasty!#Wine",""
"2019-06-16T15:58:42.392Z","San Miguel Market","Plaza de San Miguel, 3, 28005 Madrid, Spain","restaurant","","","Already tried#Bar#Burger#Cocktails#Charcuterie#Meat#Restaurant#Tasty!#Tapas#Wine",""
"2019-06-15T13:12:02.063Z","El Lagar de Isilla","Calle Isilla, 18, 09400 Aranda de Duero, Burgos, Spain","restaurant","Boda bodega wedding ","","Already tried#Bar#Brunch#Cocktails#Chic#Charcuterie#Friend#Restaurant#Tapas#Tasty!#Terrace#With a view#Wine",""
"2019-06-14T07:08:26.655Z","38 Riv","38 Rue de Rivoli 75004 Paris France","music","","","Bar#Cocktails#Paris",""
"2019-06-10T19:25:20.132Z","Le Perchoir Marais","33 Rue de la Verrerie 75004 Paris France","bar","","","California#Bar#With a view",""
"2019-05-31T16:31:50.001Z","Cervejaria Carteiro","Av. da Sociedade Filarmónica Recreativa Pataiense 4, 2445 Pataias, Portugal","cafe","","","Bar",""
"2019-05-30T13:57:07.303Z","Casablanca Beach Lounge","2825 Costa da Caparica, Portugal","restaurant","Testé au mois d’avril, le service n’était pas impeccable mais l’endroit en bord de mer est sympa 🙂","","Cocktails#Tapas#Terrace",""
"2019-05-30T13:54:16.803Z","Honorato","Largo Rafael Bordalo Pinheiro 12,, 1200-369 Lisboa","restaurant","","","Burger#Cocktails#Meat#Tasty!",""
"2019-05-26T17:03:01.559Z","Intro","local 2, Atlixcáyotl 3246, San Martinito, 72825 Tlaxcalancingo, Pue., Mexico","restaurant","","","Chic#Restaurant#Tasty!#Mexico",""
"2019-05-26T16:52:10.461Z","Pujol","Calle Francisco Petrarca 254, Miguel Hidalgo, Polanco, 11570 Ciudad de México, D.F., Mexico","restaurant","","","Chic#Mexico#Restaurant#Tasty!",""
"2019-05-19T10:44:14.690Z","Sorbillo Lievito Madre Milano","Largo Corsia Dei Servi 11, Milan Lombardy 20122","restaurant","","","Pizza#Restaurant#Wine",""
"2019-05-18T18:34:08.252Z","Petrus Café Brasserie","Anton-Schneider-Straße 11, 6900 Bregenz, Austria","restaurant","Belgian","","Already tried#Bar#Cocktails#Tasty!#Wine",""
"2019-04-14T13:43:00.491Z","EIL.GUT.HALLE","Schützingerweg 2, 88131 Lindau (Bodensee), Germany","restaurant","","","Already tried#Chic#Cocktails#Friend#Meat#Restaurant#Terrace#With a view#Whisky#Wine",""
"2019-04-14T13:42:01.661Z","Inn Pfanderdohle","6911 Lochau Austria","restaurant","","","Friend#Restaurant#With a view",""
"2019-03-21T19:29:16.837Z","BraufactuM Dresden","Altmarkt 6, 01067 Dresden, Germany","restaurant","","","Already tried#Afterwork#Bar#Burger#Cocktails#Friend#Restaurant#Tasty!",""
"2018-12-22T03:14:08.831Z","Cafe de Tacuba","Tacuba 28 Centro 06000 Cuauhtémoc, Ciudad de México Mexico","restaurant","","","Already tried#Restaurant#Mexico#Meat#Tasty!",""
"2018-12-20T21:19:38.103Z","La Bodeguita del Medio","Calle Quinta Avenida, Gonzalo Guerrero, 77720 Playa del Carmen, Q.R., Mexico","restaurant","","","Already tried#Cocktails#Bar#Brunch#Mexico#Meat#Restaurant#Tasty!#Terrace",""
"2018-12-20T21:19:02.587Z","Coco Bongo Cancun","Boulevard Kukulcán Zona Hotelera 77500 Benito Juárez Mexico","bar","","","Bar#Cocktails#Friend#Mexico",""
"2018-12-17T20:26:28.254Z","Chillis","México (Lic. Benito Juárez) 15620 Venustiano Carranza, Ciudad de México Mexico","restaurant","","","Burger#Bar#Mexico",""
"2018-12-17T03:46:04.890Z","Museo Nacional de Antropología","Av Paseo de la Reforma & Calzada Gandhi S/N, Chapultepec Polanco, Miguel Hidalgo, 11560 Ciudad de México, D.F., Mexico","museum","","","Mexico#Museum",""
"2018-12-17T03:41:27.179Z","El Mural de los Poblanos","C. 16 de Septiembre 506, Centro, 72000 Puebla, Pue., Mexico","restaurant","","","Burger#Restaurant#Mexico#Tasty!#To try",""
"2018-12-15T22:50:03.211Z","La Terraza","Hidalgo 33, Centro, 73560 Cd de Cuetzalan, Pue., Mexico","restaurant","","","Mexico#Restaurant",""
"2018-12-14T14:55:54.437Z","Restaurante Iago","Calle Macedonio Alcalá 507 Centro 68000 Oaxaca, Oaxaca Mexico","restaurant","","","Bar#Cocktails#Mexico#Friend#Tasty!#With a view#Terrace",""
"2018-12-13T01:54:33.387Z","Catedral","Manuel Garcia Vigil 105, Centro, 68000 Oaxaca, Oax., Mexico","restaurant","","","Chic#Cocktails#Restaurant#Mexico#Tasty!",""
"2018-12-13T01:52:23.048Z","Casa de Sierra Azul","Avenida Miguel Hidalgo Unidad Modelo 68100 Oaxaca de Juárez, Oaxaca Mexico","lodging","","","Cocktails#Mexico#Hotel#With a view",""
"2018-12-12T14:00:10.123Z","La Pasita","Av 5 Ote 602, Centro, 72000 Puebla, Pue., Mexico","bar","","","Bar#Cocktails#Friend#Mexico",""
"2018-12-02T12:13:48.871Z","Mr. Pancake","Emil-Riedel-Straße 21 Lehel, 80538 Munich Germany","restaurant","","","Already tried#Brunch#Coffee#Friend",""
"2018-10-29T09:21:16.562Z","Café Louvre","Národní 22, 110 00 Praha 1, Czech Republic","restaurant","","","Already tried#Brunch#Chic#Cheese#Coffee#Friend#Restaurant#Tasty!",""
"2018-10-28T23:08:56.967Z","AnonymouS Bar","Michalská 432/12, 110 00 Praha, République tchèque","bar","","","Already tried#Bar#Cocktails#Tasty!#Terrace#Whisky#Wine",""
"2018-10-28T09:33:49.531Z","Hotel Grandezza","Zelný Trh 314/2 602 00 Brno Czech Republic","lodging","","","Already tried#Chic#Hotel",""
"2018-10-28T09:33:10.514Z","Café Central","Herrengasse 14, 1010 Wien, Austria","cafe","","","Already tried#Brunch#Coffee#Chic#Friend#Tasty!#To try",""
"2018-10-26T14:20:19.478Z","Coco Bongo","10 Avenida Norte y, Calle 12 Nte, Centro, Gonzalo Guerrero, 77710 Playa del Carmen, Q.R., Mexico","bar","","","Cocktails#Bar#Friend#Mexico",""
"2018-10-20T16:19:21.100Z","Le Zocco Chico","Rue Saint-Jean-en-Isle 4000 Lüttich Belgium","restaurant","","","Already tried#Liege#Tapas#Restaurant",""
"2018-10-20T16:19:03.089Z","Lequet","Quai Sur - Meuse 17, 4000 Liège, Belgium","restaurant","","","Liege#Restaurant",""
"2018-10-20T16:18:36.512Z","Jacob's Restaurant","Route du Condroz 211, 4550 Nandrin, Belgium","restaurant","","","Already tried#Cocktails#Liege#Meat#Tasty!",""
"2018-10-20T16:16:42.698Z","Le Labo 4","Quai Edouard van Beneden 22 4020 Lüttich Belgium","restaurant","","","Already tried#Restaurant#Tasty!#Meat",""
"2018-10-20T16:16:23.579Z","Quebec cafe","Cour Saint-Gilles 38 4000 Liège Belgium","bar","","","Brunch#Already tried#Tasty!#Liege#Coffee",""
"2018-10-20T16:14:34.329Z","La Parra","Chéravoie 14, 4000 Liège, Belgium","restaurant","","","Already tried#Bar#Charcuterie#Tapas#Wine",""
"2018-10-02T22:41:39.167Z","Kennedy's Irish Pub","1055 W Huron St, Waterford Twp, MI 48328, USA","restaurant","","","Afterwork#Already tried#Bar#Restaurant#Detroit",""
"2018-10-02T22:39:47.848Z","Yellow Mad Monkey","8 rue de Lappe, 75011 Paris, France","bar","","","Afterwork#Bar#Already tried",""
"2018-10-02T22:35:41.329Z","Jamie's Italian Covent Garden","11 Upper St Martin's Ln, London WC2H 9FB, Royaume-Uni","restaurant","","","Already tried#Afterwork#Bar#Burger#Restaurant#Meat#Terrace#London",""
"2018-10-02T22:34:37.212Z","The Brasserie","St Katharine's Way Tower Hamlets London E1W 1 United Kingdom","restaurant","","","Already tried#Afterwork#Bar#Friend#Terrace#With a view",""
"2018-10-02T22:30:57.413Z","Hilton Bursa Convention Center and Spa","Soğanlı Mahallesi, İstanbul Cd No:347, 16210 Osmangazi/Bursa, Turkey","lodging","","","Already tried#Turkey#Restaurant#Tasty!",""
"2018-10-02T22:29:34.980Z","The North Shield","Fenerbahçe Mahallesi, Bağdat Cd. 183/A, 34726 Kadıköy/İstanbul, Turquie","bar","","","Already tried#Burger#Afterwork#Bar#Cocktails#Meat#Tasty!#Restaurant#Turkey#Whisky",""
"2018-10-02T22:28:20.312Z","Le Gruber","11 Rue du Maroquin, 67000 Strasbourg, France","restaurant","","","Already tried#Restaurant#Meat#Pizza",""
"2018-10-02T22:27:24.160Z","Five Guys","49/51 Av. des Champs-Élysées, 75008 Paris, France","restaurant","","","Burger#Friend#Meat#Paris#Already tried#Afterwork",""
"2018-10-02T22:24:01.245Z","Hotel Nazar","Karatarla Mahallesi, Mütercim Asım Cd No:31, 27010 Şahinbey/Gaziantep, Turkey","lodging","","","Turkey",""
"2018-10-02T22:19:37.971Z","Le Purple","2 Rue du Patis, 95290 L'Isle-Adam","restaurant","","","Afterwork#Burger#Already tried#Bar#Charcuterie#Cocktails#Terrace#Restaurant",""
"2018-10-02T22:17:33.141Z","Taqueria El Rey","4730 Vernor Hwy, Detroit, MI 48209, United States","restaurant","","","Already tried#Bar#Cocktails#Detroit#Friend#Restaurant#Tasty!",""
"2018-10-02T22:16:14.250Z","The Sugar House","2130 Michigan Ave, Detroit, MI 48216, United States","bar","","","Already tried#Bar#Afterwork#Cocktails#Tasty!#Terrace#Whisky",""
"2018-10-02T22:15:18.271Z","Roof","74 Wythe Ave Brooklyn, NY 11249 USA","music","","","Already tried#Bar#Cocktails#Terrace#Friend#Afterwork",""
"2018-10-02T22:10:13.981Z","Pizzeria rustika","Riklijeva cesta 13, 4260 Bled, Slovenia","restaurant","","","Already tried#Bar#Friend#Pizza#Restaurant#Terrace",""
"2018-10-01T21:29:36.728Z","Ruby's Diner","1 W Balboa Pier Newport Beach, CA 92661 USA","restaurant","","","Already tried#Burger#California#Bar#With a view#Terrace#Tasty!#Restaurant",""
"2018-10-01T21:28:30.965Z","Hooters Casino Hotel","115 E Tropicana Ave, Las Vegas, NV 89109, United States","lodging","","","Already tried#Brunch#Burger#Cocktails#Bar#Friend#With a view",""
"2018-10-01T21:27:38.180Z","The River Café","1 Water St, Brooklyn, NY 11201, United States","restaurant","","","Already tried#Bar#With a view",""
"2018-10-01T21:24:39.301Z","Bamboula's","514 Frenchmen St New Orleans, LA 70116 USA","restaurant","","","Already tried#Bar#Cocktails",""
"2018-10-01T21:23:51.850Z","M-Brew","177 Vester Ave, Ferndale, MI 48220, USA","bar","","","Bar#Already tried#Detroit#Friend#Afterwork#Terrace",""
"2018-10-01T21:22:56.575Z","Bar a Vins","Ronda de Sant Antoni, 43 08011 Sant Antoni Barcelona Spain","bar","","","Already tried#Bar#Restaurant#Barcelona",""
"2018-10-01T21:21:56.503Z","Exodos Rooftop","529 Monroe St Detroit, MI 48226 USA","restaurant","","","Cocktails#Detroit",""
"2018-10-01T21:21:17.023Z","Mildred's Temple Kitchen","85 Hanna Ave, Toronto, ON M6K 3S3, Canada","restaurant","","","Already tried#Brunch#Tasty!#Restaurant",""
"2018-10-01T21:20:25.108Z","Thinking Cup","165 Tremont St, Boston, MA 02111, United States","cafe","","","Brunch#Already tried#Coffee",""
"2018-10-01T21:18:43.476Z","Hard Rock Cafe","313 Duval St, Key West FL 33040","restaurant","","","Already tried#Burger#Brunch#Cocktails#Whisky#Restaurant",""
"2018-10-01T21:18:01.890Z","The Hudson Cafe","1241 Woodward Ave, Detroit MI 48226-2006","restaurant","","","Brunch#Burger#Already tried#Detroit#Friend#Restaurant#Tasty!#Cocktails",""
"2018-10-01T21:17:03.347Z","重庆御足养生会所","China, Jiangsu Sheng, Nanjing Shi, Qinhuai Qu, FuZiMiao, 大石坝街","generic","","","Restaurant",""
"2018-10-01T21:15:17.555Z","Campo","Ulica Podwale 83 50-414 Wrocław Poland","restaurant","","","Burger#Already tried#Chic#Cocktails#Whisky#Meat",""
"2018-10-01T21:14:39.013Z","Vis A Vis Restaurant","ulica Młynarska 7 59-220 Legnica Poland","restaurant","","","Already tried#Restaurant",""
"2018-10-01T21:13:43.603Z","Giordano's","223 W Jackson Blvd, Chicago IL 60606","restaurant","","","Already tried#Pizza#Tasty!",""
"2018-10-01T21:12:30.920Z","Original French Market Rest & Bar","1001 Decatur St New Orleans, LA 70116 USA","restaurant","","","Already tried#Bar#Tasty!#Restaurant",""
"2018-10-01T21:11:36.686Z","One-Eyed Betty's","175 W Troy St, Ferndale, MI 48220, USA","bar","","","Already tried#Brunch#Burger#Cocktails#Detroit",""
"2018-10-01T21:09:21.744Z","The Telway","27000 John R Rd, Madison Heights, MI 48071, USA","restaurant","","","Already tried#Burger#Detroit#Restaurant",""
"2018-10-01T21:08:40.961Z","Supino Pizzeria","2457 Russell St Detroit, MI 48207 USA","restaurant","","","Detroit#Tasty!#Already tried#Pizza",""
"2018-10-01T21:00:03.108Z","Comptoir de l'Arc","73 Avenue Marceau Paris France","restaurant","","","Already tried#Brunch#Charcuterie#Chic#Cocktails#Paris",""
"2018-10-01T20:57:45.774Z","Snog Roof Bar","Şahkulu Mahallesi, Galip Dede Caddesi No:56 Kat:4, 34421 Beyoğlu/İstanbul, Turkey","bar","","","With a view#Terrace#Tasty!#Whisky#Turkey#Bar#Already tried",""
"2018-10-01T20:54:59.255Z","Bam Bam cafe","Hacı Ahmet mahallesi Atalay Sokak no 6/C, Hacıahmet Mahallesi, Beyoğlu İstanbul, 34440 Beyoğlu/İstanbul, Turkey","restaurant","","","Already tried#Bar#Turkey#Whisky",""
"2018-10-01T20:53:14.577Z","Grand Assos Hotel","İskele Mevki Antik Liman, Assos, Ayvacık, Çanakkale, 17860 Behram Köyü/Ayvacık/Çanakkale, Turkey","lodging","","","Already tried#Bar#Brunch#Turkey#Restaurant",""
"2018-10-01T20:49:51.030Z","Pierre Loti","Eyüp Merkez, 34050 Eyüp/İstanbul, Turkey","generic","","","With a view#Bar#Already tried",""
"2018-10-01T20:48:45.703Z","Harry's","Wycker Brugstraat 2, 6221 EC Maastricht, Netherlands","restaurant","","","Burger#Brunch#Already tried#Bar#Cocktails#Friend#Tasty!",""
"2018-10-01T20:47:20.352Z","Pharmarium","Stortorget 7 Stockholm Sweden","restaurant","","","Already tried#Bar#Cocktails#Whisky#Stockholm",""
"2018-10-01T20:46:11.262Z","Vete-Katten","Kungsgatan 55 SE-111 22 Stockholm Sweden","cafe","","","Already tried#Brunch#Stockholm#Restaurant",""
"2018-10-01T20:45:14.055Z","Market House","443 Coldharbour Ln, London SW9 8LN, Royaume-Uni","bar","","","Already tried#Cocktails#London#Afterwork",""
"2018-10-01T20:42:32.327Z","Köfteci Yusuf","Hisar Mah. Ilıcak Mevkii Yalova Yolu, Hisar Mahallesi, Güngör AVM, Bursa Yalova Yolu 1. Km, 16600 Gemlik/Bursa, Turkey","restaurant","","","Already tried#Tasty!#Turkey#Meat",""
"2018-10-01T20:41:39.365Z","Iskele Yasam","Göl Yolu Caddesi 16800 Topselvi, Orhangazi Turkey","bar","","","Burger#Already tried#Restaurant#Meat#Turkey",""
"2018-10-01T20:39:19.314Z","Soho House Istanbul","Meşrutiyet Caddesi, 56 34430 Evliya Çelebi, İstanbul Turkey","lodging","","","Already tried#Brunch#Bar#Turkey#Whisky",""
"2018-10-01T20:38:42.877Z","Nusr.Et Brgr+Lokum","No: 244/, Bebek, Bebek Ykş. No:1, 34342 Beşiktaş/İstanbul, Turkey","restaurant","","","Burger#Already tried#Meat#Turkey#Tasty!#Terrace",""
"2018-10-01T20:38:02.930Z","Massa","Demokrasi Caddesi 41600 Cebeci, Kocaeli Turkey","restaurant","","","Turkey#Tasty!#Restaurant#Meat#Wine",""
"2018-10-01T20:37:18.004Z","Operakällaren","Operahuset, Karl XII:s torg, 111 86 Stockholm, Sweden","restaurant","","","Already tried#Stockholm#Restaurant",""
"2018-10-01T20:33:53.075Z","Bakfickan","Köpenhamnsvägen 7D, 217 43 Malmö, Sweden","restaurant","","","Stockholm#Tasty!#Restaurant#Already tried",""
"2018-10-01T20:29:24.898Z","ICEBAR by ICEHOTEL STOCKHOLM","Vasaplan 4, 111 20 Stockholm, Sweden","bar","","","Stockholm#Chic#Cocktails",""
"2018-10-01T20:28:13.658Z","Canada Water Cafe","40 Surrey Quays Rd, London SE16 7DX, Royaume-Uni","restaurant","","","Friend#Already tried#Brunch#London#Restaurant#Tasty!#Cocktails",""
"2018-10-01T20:26:51.693Z","The Huggy’s Bar   Liege 1","Boulevard d'Avroy 122 Lüttich Belgium","restaurant","","","Already tried#Brunch#Friend#Restaurant#Tasty!#Terrace#Meat#Burger#Liege",""
"2018-10-01T20:26:13.562Z","Duck & Waffle","Heron Tower, 110 Bishopsgate, London EC2N 4AY, Regno Unito","restaurant","","","Meat#Already tried#Brunch#Friend#Cocktails#Chic#With a view#Tasty!#London",""
"2018-10-01T20:25:20.760Z","Paradise Cove Beach Cafe","28128 Pacific Coast Hwy, Malibu, CA 90265, United States","cafe","","","Already tried#Bar#Brunch#Friend#California#Restaurant#Tasty!#With a view#Terrace",""
"2018-10-01T20:24:44.556Z","Coffee Parisien","46 Rue de Sablonville 92200 Neuilly-sur-Seine France","restaurant","","","Already tried#Brunch#Paris#Tasty!",""
"2018-10-01T20:23:48.050Z","Commonwealth","One Detroit Center, 500 Woodward Ave, Detroit, MI 48226, USA","generic","","","Already tried#Brunch#Restaurant",""
"2018-10-01T20:22:35.769Z","Restaurant Aux Trois Fleurs","1 Rue de Fosseuse, 60540 Anserville, France","restaurant","","","Already tried#Afterwork#Bar#Charcuterie#Paris#Restaurant#Terrace",""
"2018-10-01T20:21:38.797Z","8 Degrees Plato Beer Co","611 W Nine Mile Rd, Ferndale, MI 48220, USA","shopping","","","Detroit#Already tried#Bar#Friend#Afterwork",""
"2018-10-01T20:20:25.325Z","360 İstanbul Restaurant","Tomtom Mh., İstiklal Cad. Mısır Apt.No:163 K:8, 34433 Beyoğlu/İstanbul, Turquie","restaurant","","","Turkey#With a view#Terrace#Tasty!#Wine#Meat#Bar#Cocktails#Already tried",""
"2018-10-01T20:19:38.044Z","Surf House Barcelona","Carrer l'Almirall Aixada, 22, 08003 Barcelona, Barcelona, Spain","restaurant","","","Already tried#Bar#Brunch#Cocktails#Friend#Restaurant#Tapas#With a view#Barcelona",""
"2018-10-01T20:19:07.161Z","Walnut","Koşuyolu Mahallesi, Muhittin Üstündağ Cad. No:85, 34718 Kadıköy/İstanbul, Turquie","restaurant","","","Brunch#Already tried#Tasty!#Restaurant#Turkey",""
"2018-10-01T20:17:45.448Z","Kasap Sadık","Camiikebir Mahallesi, Gazi Sk. No:12, 16800 Orhangazi/Bursa, Turkey","restaurant","","","Meat#Already tried#Turkey#Restaurant#Tasty!",""
"2018-10-01T20:16:53.434Z","Moon Roof","34 Quai d'Austerlitz, 75013 Paris, France","bar","","","Bar#Terrace#Paris#Cocktails",""
"2018-10-01T20:15:49.332Z","Pizzeria Popolare","111 Rue Réaumur, 75002 Paris, France","restaurant","","","To try#Restaurant#Paris",""
"2018-10-01T20:15:19.328Z","La Mezcaleria Paris","13 Boulevard du Temple, 75003 Paris, France","bar","","","Already tried#Bar#Cocktails#Paris",""
"2018-10-01T20:14:23.960Z","Moonshiner","5 Rue Sedaine Paris France","restaurant","","","Already tried#Bar#Cocktails#Friend#Paris#Restaurant#Tasty!#Whisky",""
"2018-10-01T20:11:43.749Z","La Cave des Abbesses","43 Rue des Abbesses 75018 Paris France","supermarket","","","Already tried#Restaurant#Bar#Tasty!#Tapas#Paris#Wine#Cheese#Charcuterie",""
"2018-09-17T10:07:07.279Z","Momo","Sapfous 95 176 76 Καλλιθέα Greece","bar","","","Already tried#Athens#Cocktails#Restaurant#Greece#Tasty!#Friend#Terrace#Brunch",""
"2018-09-17T10:06:24.066Z","Couleur Locale","Normanou 3 105 55 Athina Greece","restaurant","","","Already tried#Athens#Friend#Greece#Bar#Terrace#With a view#Cocktails",""
"2018-09-17T10:02:57.627Z","Kuzina","Adrianou 9 105 55 Athina Greece","restaurant","","","Already tried#Athens#Restaurant#Chic#Tasty!",""
"2018-09-15T19:18:24.811Z","Karamanlidika - Τα Καραμανλίδικα του Φάνη","Sokratous 1, Αθήνα 105 54, Greece","restaurant","","","Restaurant#Greece#Athens#Tapas#Already tried",""
"2018-09-14T10:31:38.652Z","Monsieur Bleu","Palais De Tokyo, 20 Avenue De New York, Paris 75116","restaurant","","","Friend#Restaurant#To try",""
"2018-09-14T10:30:49.315Z","Les Ombres","27 Quai Jacques Chirac Paris 75007","restaurant","","","To try#Friend#Restaurant",""